,Cluster Name,Street_clusters,City_clusters,State_clusters,Facility Type,Cluster Start Date,# Cases,Latitude_clusters,Longitude_clusters,Accuracy Score_clusters,Accuracy Type_clusters,County_clusters,Zip_clusters,matches,Request #,Status,Date / Time Opened,Date / Time Closed,Contact Type,State Issue,Closed When Created,Address,City_violations,Council District,ZIP,Mapped Location,Address_geo,City_geo,ZIP_geo,state,Latitude_violations,Longitude_violations,Accuracy Score_violations,Accuracy Type_violations,Number,Street_violations,City.1,State_violations,County_violations,Zip_violations
0,Trevecca Center for Rehab and Healing,329 Murfreesboro Pike,Nashville,TN,LTCF,4/4/20,102,36.144764,-86.755659,1.0,rooftop,Davidson County,37210.0,329 Murfreesboro Pike,429008,Closed,2020-07-28 14:16:20,2020-07-29 18:46:11,,False,False,329 Murfreesboro Pike,NASHVILLE,17.0,37210.0,"(36.14456, -86.75456)",329 Murfreesboro Pike,NASHVILLE,37210.0,TN,36.144764,-86.755659,1.0,rooftop,329,Murfreesboro Pike,Nashville,TN,Davidson County,37210
1,Montgomery Bell Academy job site,4001 Harding Pike,Nashville,TN,Construction,5/8/20,75,36.093008000000005,-86.84554,0.7,range_interpolation,Davidson County,37215.0,4001 Harding Pike,339597,Closed,2020-04-05 17:13:59,2020-04-10 17:19:55,,False,False,4001 Harding Pike,NASHVILLE,24.0,37205.0,"(36.12837600000001, -86.8345785)",4001 Harding Pike,NASHVILLE,37205.0,TN,36.093008000000005,-86.84554,0.7,range_interpolation,4001,Harding Pl,Nashville,TN,Davidson County,37215
2,Montgomery Bell Academy job site,4001 Harding Pike,Nashville,TN,Construction,5/8/20,75,36.093008000000005,-86.84554,0.7,range_interpolation,Davidson County,37215.0,4001 Harding Pike,338380,Closed,2020-04-03 14:32:43,2020-04-10 17:23:47,,False,False,4001 Harding Pike,NASHVILLE,24.0,37205.0,"(36.12842, -86.83669)",4001 Harding Pike,NASHVILLE,37205.0,TN,36.093008000000005,-86.84554,0.7,range_interpolation,4001,Harding Pl,Nashville,TN,Davidson County,37215
3,Montgomery Bell Academy job site,4001 Harding Pike,Nashville,TN,Construction,5/8/20,75,36.093008000000005,-86.84554,0.7,range_interpolation,Davidson County,37215.0,4001 Harding Pike,338362,Closed,2020-04-03 14:23:57,2020-04-10 17:19:39,,False,False,4001 Harding Pike,NASHVILLE,24.0,37205.0,"(36.12837600000001, -86.8345785)",4001 Harding Pike,NASHVILLE,37205.0,TN,36.093008000000005,-86.84554,0.7,range_interpolation,4001,Harding Pl,Nashville,TN,Davidson County,37215
4,Montgomery Bell Academy job site,4001 Harding Pike,Nashville,TN,Construction,5/8/20,75,36.093008000000005,-86.84554,0.7,range_interpolation,Davidson County,37215.0,4001 Harding Pike,360377,Closed,2020-05-06 14:42:30,2020-05-07 15:09:19,,False,False,4001 Harding Pike,NASHVILLE,24.0,37205.0,"(36.1284249, -86.8366934)",4001 Harding Pike,NASHVILLE,37205.0,TN,36.093008000000005,-86.84554,0.7,range_interpolation,4001,Harding Pl,Nashville,TN,Davidson County,37215
5,Montgomery Bell Academy job site,4001 Harding Pike,Nashville,TN,Construction,5/8/20,75,36.093008000000005,-86.84554,0.7,range_interpolation,Davidson County,37215.0,4001 Harding Pike,365255,Closed,2020-05-12 17:04:53,2020-05-13 16:37:42,,False,False,4001 Harding Pike,NASHVILLE,24.0,37205.0,"(36.1277086, -86.8366003)",4001 Harding Pike,NASHVILLE,37205.0,TN,36.093008000000005,-86.84554,0.7,range_interpolation,4001,Harding Pl,Nashville,TN,Davidson County,37215
6,Montgomery Bell Academy job site,4001 Harding Pike,Nashville,TN,Construction,5/8/20,75,36.093008000000005,-86.84554,0.7,range_interpolation,Davidson County,37215.0,4001 Harding Pike,401263,Closed,2020-06-26 13:52:13,2020-06-29 18:36:50,,False,False,4001 Harding Pike,NASHVILLE,24.0,37205.0,"(36.12853, -86.83647)",4001 Harding Pike,NASHVILLE,37205.0,TN,36.093008000000005,-86.84554,0.7,range_interpolation,4001,Harding Pl,Nashville,TN,Davidson County,37215
7,Montgomery Bell Academy job site,4001 Harding Pike,Nashville,TN,Construction,5/8/20,75,36.093008000000005,-86.84554,0.7,range_interpolation,Davidson County,37215.0,4001 Harding Pike,435775,Closed,2020-08-03 05:23:34,2020-08-03 17:52:24,,False,False,4001 Harding Pike,NASHVILLE,24.0,37205.0,"(36.127867291643206, -86.83734249458159)",4001 Harding Pike,NASHVILLE,37205.0,TN,36.093008000000005,-86.84554,0.7,range_interpolation,4001,Harding Pl,Nashville,TN,Davidson County,37215
8,Montgomery Bell Academy job site,4001 Harding Pike,Nashville,TN,Construction,5/8/20,75,36.093008000000005,-86.84554,0.7,range_interpolation,Davidson County,37215.0,4001 Harding Pike,475228,Closed,2020-10-04 14:57:01,2020-10-05 13:53:06,,False,False,4001 Harding Pike,NASHVILLE,24.0,37205.0,"(36.12879426159236, -86.83709815)",4001 Harding Pike,NASHVILLE,37205.0,TN,36.093008000000005,-86.84554,0.7,range_interpolation,4001,Harding Pl,Nashville,TN,Davidson County,37215
9,Grand Hyatt Hotel (Power Design Inc) job site,1000 Broadway,Nashville,TN,Construction,5/19/20,23,36.157829,-86.78420799999999,1.0,range_interpolation,Davidson County,37203.0,1000 Broadway,341201,Closed,2020-04-07 15:45:42,2020-04-10 17:10:37,,False,False,1000 Broadway,NASHVILLE,19.0,37203.0,"(36.1579945, -86.7842417)",1000 Broadway,NASHVILLE,37203.0,TN,36.157829,-86.78420799999999,1.0,range_interpolation,1000,Broadway,Nashville,TN,Davidson County,37203
10,Grand Hyatt Hotel (Power Design Inc) job site,1000 Broadway,Nashville,TN,Construction,5/19/20,23,36.157829,-86.78420799999999,1.0,range_interpolation,Davidson County,37203.0,1000 Broadway,359313,Closed,2020-05-05 15:33:14,2020-05-07 15:15:28,,False,False,1000 Broadway,NASHVILLE,19.0,37203.0,"(36.15799, -86.78424)",1000 Broadway,NASHVILLE,37203.0,TN,36.157829,-86.78420799999999,1.0,range_interpolation,1000,Broadway,Nashville,TN,Davidson County,37203
11,Good Samaritan Health & Healing,500 Hickory Hollow Terrace,Antioch,TN,LTCF,6/3/20,75,36.052440000000004,-86.648262,0.8,range_interpolation,Davidson County,37013.0,500 Hickory Hollow Terrace,354105,Closed,2020-04-28 16:07:45,2020-05-07 15:17:06,,False,False,500 Hickory Hollow Terrace,ANTIOCH,32.0,37013.0,"(36.05338, -86.64929)",500 Hickory Hollow Terrace,ANTIOCH,37013.0,TN,36.052440000000004,-86.648262,0.8,range_interpolation,500,Hickory Hollow Ter,Antioch,TN,Davidson County,37013
12,Good Samaritan Health & Healing,500 Hickory Hollow Terrace,Antioch,TN,LTCF,6/3/20,75,36.052440000000004,-86.648262,0.8,range_interpolation,Davidson County,37013.0,500 Hickory Hollow Terrace,350510,Closed,2020-04-22 15:13:37,2020-04-24 15:25:54,,False,False,500 Hickory Hollow Terrace,ANTIOCH,32.0,37013.0,"(36.05338, -86.64929)",500 Hickory Hollow Terrace,ANTIOCH,37013.0,TN,36.052440000000004,-86.648262,0.8,range_interpolation,500,Hickory Hollow Ter,Antioch,TN,Davidson County,37013
13,Good Samaritan Health & Healing,500 Hickory Hollow Terrace,Antioch,TN,LTCF,6/3/20,75,36.052440000000004,-86.648262,0.8,range_interpolation,Davidson County,37013.0,500 Hickory Hollow Terrace,381321,Closed,2020-06-01 18:34:32,2020-06-02 15:06:30,,False,False,500 Hickory Hollow Terrace,ANTIOCH,32.0,37013.0,"(36.053383, -86.6492928)",500 Hickory Hollow Terrace,ANTIOCH,37013.0,TN,36.052440000000004,-86.648262,0.8,range_interpolation,500,Hickory Hollow Ter,Antioch,TN,Davidson County,37013
14,Good Samaritan Health & Healing,500 Hickory Hollow Terrace,Antioch,TN,LTCF,6/3/20,75,36.052440000000004,-86.648262,0.8,range_interpolation,Davidson County,37013.0,500 Hickory Hollow Terrace,359927,Closed,2020-05-05 21:09:36,2020-05-07 15:12:43,,False,False,500 Hickory Hollow Terrace,ANTIOCH,32.0,37013.0,"(36.05338, -86.64929)",500 Hickory Hollow Terrace,ANTIOCH,37013.0,TN,36.052440000000004,-86.648262,0.8,range_interpolation,500,Hickory Hollow Ter,Antioch,TN,Davidson County,37013
15,Good Samaritan Health & Healing,500 Hickory Hollow Terrace,Antioch,TN,LTCF,6/3/20,75,36.052440000000004,-86.648262,0.8,range_interpolation,Davidson County,37013.0,500 Hickory Hollow Terrace,379034,Closed,2020-05-28 20:48:12,2020-05-29 16:01:35,,False,False,500 Hickory Hollow Terrace,ANTIOCH,32.0,37013.0,"(36.05338, -86.64929)",500 Hickory Hollow Terrace,ANTIOCH,37013.0,TN,36.052440000000004,-86.648262,0.8,range_interpolation,500,Hickory Hollow Ter,Antioch,TN,Davidson County,37013
16,Good Samaritan Health & Healing,500 Hickory Hollow Terrace,Antioch,TN,LTCF,6/3/20,75,36.052440000000004,-86.648262,0.8,range_interpolation,Davidson County,37013.0,500 Hickory Hollow Terrace,403251,Closed,2020-06-29 17:52:08,2020-06-30 17:59:55,,False,False,500 Hickory Hollow Terrace,ANTIOCH,32.0,37013.0,"(36.053383, -86.6492928)",500 Hickory Hollow Terrace,ANTIOCH,37013.0,TN,36.052440000000004,-86.648262,0.8,range_interpolation,500,Hickory Hollow Ter,Antioch,TN,Davidson County,37013
17,Hermitage Hall,1220 8th Ave S,Nashville,TN,Congregate Living,6/20/20,93,36.140155,-86.77757199999999,1.0,rooftop,Davidson County,37203.0,1220 8th Ave S,394335,Closed,2020-06-17 16:15:48,2020-06-18 16:13:49,,False,False,1220 8th Ave S,NASHVILLE,17.0,37203.0,"(36.14007, -86.77757)",1220 8th Ave S,NASHVILLE,37203.0,TN,36.140155,-86.77757199999999,1.0,rooftop,1220,8th Ave S,Nashville,TN,Davidson County,37203
18,Hermitage Hall,1220 8th Ave S,Nashville,TN,Congregate Living,6/20/20,93,36.140155,-86.77757199999999,1.0,rooftop,Davidson County,37203.0,1220 8th Ave S,395150,Closed,2020-06-18 14:27:45,2020-06-19 18:10:55,,False,False,1220 8th Ave S,NASHVILLE,17.0,37203.0,"(36.1400677, -86.77757319999999)",1220 8th Ave S,NASHVILLE,37203.0,TN,36.140155,-86.77757199999999,1.0,rooftop,1220,8th Ave S,Nashville,TN,Davidson County,37203
19,Hermitage Hall,1220 8th Ave S,Nashville,TN,Congregate Living,6/20/20,93,36.140155,-86.77757199999999,1.0,rooftop,Davidson County,37203.0,1220 8th Ave S,395934,Closed,2020-06-19 00:58:28,2020-06-19 18:10:29,,False,False,1220 8th Ave S,NASHVILLE,17.0,37203.0,"(36.14002386159713, -86.77758929325408)",1220 8th Ave S,NASHVILLE,37203.0,TN,36.140155,-86.77757199999999,1.0,rooftop,1220,8th Ave S,Nashville,TN,Davidson County,37203
20,Hermitage Hall,1220 8th Ave S,Nashville,TN,Congregate Living,6/20/20,93,36.140155,-86.77757199999999,1.0,rooftop,Davidson County,37203.0,1220 8th Ave S,396554,Closed,2020-06-19 18:19:12,2020-06-22 18:10:14,,False,False,1220 8th Ave S,NASHVILLE,17.0,37203.0,"(36.14002386159711, -86.77758929325408)",1220 8th Ave S,NASHVILLE,37203.0,TN,36.140155,-86.77757199999999,1.0,rooftop,1220,8th Ave S,Nashville,TN,Davidson County,37203
21,Hermitage Hall,1220 8th Ave S,Nashville,TN,Congregate Living,6/20/20,93,36.140155,-86.77757199999999,1.0,rooftop,Davidson County,37203.0,1220 8th Ave S,396117,Closed,2020-06-19 14:04:30,2020-06-22 16:26:45,,False,False,1220 8th Ave S,NASHVILLE,17.0,37203.0,"(36.14007, -86.77757)",1220 8th Ave S,NASHVILLE,37203.0,TN,36.140155,-86.77757199999999,1.0,rooftop,1220,8th Ave S,Nashville,TN,Davidson County,37203
22,Hermitage Hall,1220 8th Ave S,Nashville,TN,Congregate Living,6/20/20,93,36.140155,-86.77757199999999,1.0,rooftop,Davidson County,37203.0,1220 8th Ave S,403998,Closed,2020-06-30 15:19:31,2020-07-01 17:51:01,,False,False,1220 8th Ave S,NASHVILLE,17.0,37203.0,"(36.14007, -86.77757)",1220 8th Ave S,NASHVILLE,37203.0,TN,36.140155,-86.77757199999999,1.0,rooftop,1220,8th Ave S,Nashville,TN,Davidson County,37203
23,Ahava / Grace Healthcare of White's Creek,3425 Knight Dr,White's Creek,TN,LTCF,6/26/20,46,36.238403999999996,-86.801928,1.0,rooftop,Davidson County,37189.0,3425 Knight Dr,358709,Closed,2020-05-04 21:54:10,2020-05-05 15:15:09,,False,False,3425 Knight Dr,WHITES CREEK,3.0,37189.0,"(36.23791, -86.80172)",3425 Knight Dr,WHITES CREEK,37189.0,TN,36.238403999999996,-86.801928,1.0,rooftop,3425,Knight Dr,Whites Creek,TN,Davidson County,37189
24,Dawghouse Saloon,1522 Demonbreun St,Nashville,TN,Bar,6/26/20,14,36.153246,-86.790447,1.0,rooftop,Davidson County,37203.0,1522 Demonbreun St,393364,Closed,2020-06-16 16:40:49,2020-06-17 17:46:09,,False,False,1522 Demonbreun St,NASHVILLE,19.0,37203.0,"(36.1530528, -86.79032219999999)",1522 Demonbreun St,NASHVILLE,37203.0,TN,36.153246,-86.790447,1.0,rooftop,1522,Demonbreun St,Nashville,TN,Davidson County,37203
25,Dawghouse Saloon,1522 Demonbreun St,Nashville,TN,Bar,6/26/20,14,36.153246,-86.790447,1.0,rooftop,Davidson County,37203.0,1522 Demonbreun St,386273,Closed,2020-06-08 00:11:27,2020-06-08 17:20:44,,False,False,1522 Demonbreun St,NASHVILLE,19.0,37203.0,"(36.1530528, -86.79032219999999)",1522 Demonbreun St,NASHVILLE,37203.0,TN,36.153246,-86.790447,1.0,rooftop,1522,Demonbreun St,Nashville,TN,Davidson County,37203
26,Dawghouse Saloon,1522 Demonbreun St,Nashville,TN,Bar,6/26/20,14,36.153246,-86.790447,1.0,rooftop,Davidson County,37203.0,1522 Demonbreun St,391857,Closed,2020-06-14 21:56:53,2020-06-15 15:22:44,,False,False,1522 Demonbreun St,NASHVILLE,19.0,37203.0,"(36.1531273, -86.7903702)",1522 Demonbreun St,NASHVILLE,37203.0,TN,36.153246,-86.790447,1.0,rooftop,1522,Demonbreun St,Nashville,TN,Davidson County,37203
27,Dawghouse Saloon,1522 Demonbreun St,Nashville,TN,Bar,6/26/20,14,36.153246,-86.790447,1.0,rooftop,Davidson County,37203.0,1522 Demonbreun St,391907,Closed,2020-06-15 01:08:16,2020-06-15 15:21:53,,False,False,1522 Demonbreun St,NASHVILLE,19.0,37203.0,"(36.1530528, -86.79032219999999)",1522 Demonbreun St,NASHVILLE,37203.0,TN,36.153246,-86.790447,1.0,rooftop,1522,Demonbreun St,Nashville,TN,Davidson County,37203
28,Dawghouse Saloon,1522 Demonbreun St,Nashville,TN,Bar,6/26/20,14,36.153246,-86.790447,1.0,rooftop,Davidson County,37203.0,1522 Demonbreun St,391896,Closed,2020-06-15 00:31:09,2020-06-15 15:21:10,,False,False,1522 Demonbreun St,NASHVILLE,19.0,37203.0,"(36.1531273, -86.7903702)",1522 Demonbreun St,NASHVILLE,37203.0,TN,36.153246,-86.790447,1.0,rooftop,1522,Demonbreun St,Nashville,TN,Davidson County,37203
29,Dawghouse Saloon,1522 Demonbreun St,Nashville,TN,Bar,6/26/20,14,36.153246,-86.790447,1.0,rooftop,Davidson County,37203.0,1522 Demonbreun St,386694,Closed,2020-06-08 16:07:36,2020-06-09 17:07:03,,False,False,1522 Demonbreun St,NASHVILLE,19.0,37203.0,"(36.1531273, -86.7903702)",1522 Demonbreun St,NASHVILLE,37203.0,TN,36.153246,-86.790447,1.0,rooftop,1522,Demonbreun St,Nashville,TN,Davidson County,37203
30,Dawghouse Saloon,1522 Demonbreun St,Nashville,TN,Bar,6/26/20,14,36.153246,-86.790447,1.0,rooftop,Davidson County,37203.0,1522 Demonbreun St,391879,Closed,2020-06-14 23:23:45,2020-06-15 15:21:22,,False,False,1522 Demonbreun St,NASHVILLE,19.0,37203.0,"(36.15309581160268, -86.79035755)",1522 Demonbreun St,NASHVILLE,37203.0,TN,36.153246,-86.790447,1.0,rooftop,1522,Demonbreun St,Nashville,TN,Davidson County,37203
31,Dawghouse Saloon,1522 Demonbreun St,Nashville,TN,Bar,6/26/20,14,36.153246,-86.790447,1.0,rooftop,Davidson County,37203.0,1522 Demonbreun St,391905,Closed,2020-06-15 01:06:26,2020-06-15 15:22:06,,False,False,1522 Demonbreun St,NASHVILLE,19.0,37203.0,"(36.1531273, -86.7903702)",1522 Demonbreun St,NASHVILLE,37203.0,TN,36.153246,-86.790447,1.0,rooftop,1522,Demonbreun St,Nashville,TN,Davidson County,37203
32,Dawghouse Saloon,1522 Demonbreun St,Nashville,TN,Bar,6/26/20,14,36.153246,-86.790447,1.0,rooftop,Davidson County,37203.0,1522 Demonbreun St,393889,Closed,2020-06-17 01:12:51,2020-06-17 17:45:56,,False,False,1522 Demonbreun St,NASHVILLE,19.0,37203.0,"(36.1530528, -86.79032219999999)",1522 Demonbreun St,NASHVILLE,37203.0,TN,36.153246,-86.790447,1.0,rooftop,1522,Demonbreun St,Nashville,TN,Davidson County,37203
33,Dogwood,1907 Division St,Nashville,TN,Restaurant,6/26/20,19,36.149851,-86.796391,0.99,rooftop,Davidson County,37203.0,1907 DIVISION ST,337066,Closed,2020-04-01 21:43:28,2020-04-06 19:56:07,,False,False,1907 DIVISION ST,NASHVILLE,19.0,37203.0,"(36.14985119856714, -86.79639129072365)",1907 DIVISION ST,NASHVILLE,37203.0,TN,36.149851,-86.796391,0.99,rooftop,1907 A,Division St,Nashville,TN,Davidson County,37203
34,Kid Rock's Big Ass Honky Tonk,221 Broadway,Nashville,TN,Bar,6/26/20,15,36.161418,-86.77575,1.0,rooftop,Davidson County,37201.0,221 Broadway,389626,Closed,2020-06-11 15:10:15,2020-06-12 17:36:04,,False,False,221 Broadway,NASHVILLE,19.0,37201.0,"(36.16133847782421, -86.77576123109797)",221 Broadway,NASHVILLE,37201.0,TN,36.161418,-86.77575,1.0,rooftop,221,Broadway,Nashville,TN,Davidson County,37201
35,Kid Rock's Big Ass Honky Tonk,221 Broadway,Nashville,TN,Bar,6/26/20,15,36.161418,-86.77575,1.0,rooftop,Davidson County,37201.0,221 Broadway,366049,Closed,2020-05-12 20:20:53,2020-05-13 19:05:36,,False,False,221 Broadway,NASHVILLE,19.0,37201.0,"(36.16138, -86.77561)",221 Broadway,NASHVILLE,37201.0,TN,36.161418,-86.77575,1.0,rooftop,221,Broadway,Nashville,TN,Davidson County,37201
36,Kid Rock's Big Ass Honky Tonk,221 Broadway,Nashville,TN,Bar,6/26/20,15,36.161418,-86.77575,1.0,rooftop,Davidson County,37201.0,221 Broadway,366203,Closed,2020-05-12 22:20:36,2020-05-13 16:36:27,,False,False,221 Broadway,NASHVILLE,19.0,37201.0,"(36.1613786, -86.7756102)",221 Broadway,NASHVILLE,37201.0,TN,36.161418,-86.77575,1.0,rooftop,221,Broadway,Nashville,TN,Davidson County,37201
37,Kid Rock's Big Ass Honky Tonk,221 Broadway,Nashville,TN,Bar,6/26/20,15,36.161418,-86.77575,1.0,rooftop,Davidson County,37201.0,221 Broadway,403460,Closed,2020-06-29 19:55:03,2020-06-30 19:23:17,,False,False,221 Broadway,NASHVILLE,19.0,37201.0,"(36.16145, -86.77573)",221 Broadway,NASHVILLE,37201.0,TN,36.161418,-86.77575,1.0,rooftop,221,Broadway,Nashville,TN,Davidson County,37201
38,Kid Rock's Big Ass Honky Tonk,221 Broadway,Nashville,TN,Bar,6/26/20,15,36.161418,-86.77575,1.0,rooftop,Davidson County,37201.0,221 Broadway,435034,Closed,2020-08-01 10:41:34,2020-08-03 17:12:48,,False,False,221 Broadway,NASHVILLE,19.0,37201.0,"(36.1613786, -86.7756102)",221 Broadway,NASHVILLE,37201.0,TN,36.161418,-86.77575,1.0,rooftop,221,Broadway,Nashville,TN,Davidson County,37201
39,Kid Rock's Big Ass Honky Tonk,221 Broadway,Nashville,TN,Bar,6/26/20,15,36.161418,-86.77575,1.0,rooftop,Davidson County,37201.0,221 Broadway,391599,Closed,2020-06-13 18:01:18,2020-06-15 15:28:42,,False,False,221 Broadway,NASHVILLE,19.0,37201.0,"(36.161503161606255, -86.77562629325409)",221 Broadway,NASHVILLE,37201.0,TN,36.161418,-86.77575,1.0,rooftop,221,Broadway,Nashville,TN,Davidson County,37201
40,Kid Rock's Big Ass Honky Tonk,221 Broadway,Nashville,TN,Bar,6/26/20,15,36.161418,-86.77575,1.0,rooftop,Davidson County,37201.0,221 Broadway,391626,Closed,2020-06-13 20:06:16,2020-06-15 15:26:36,,False,False,221 Broadway,NASHVILLE,19.0,37201.0,"(36.16139360255382, -86.77569854998136)",221 Broadway,NASHVILLE,37201.0,TN,36.161418,-86.77575,1.0,rooftop,221,Broadway,Nashville,TN,Davidson County,37201
41,Kid Rock's Big Ass Honky Tonk,221 Broadway,Nashville,TN,Bar,6/26/20,15,36.161418,-86.77575,1.0,rooftop,Davidson County,37201.0,221 Broadway,391711,Closed,2020-06-14 04:10:20,2020-06-15 15:27:27,,False,False,221 Broadway,NASHVILLE,19.0,37201.0,"(36.1613786, -86.7756102)",221 Broadway,NASHVILLE,37201.0,TN,36.161418,-86.77575,1.0,rooftop,221,Broadway,Nashville,TN,Davidson County,37201
42,Kid Rock's Big Ass Honky Tonk,221 Broadway,Nashville,TN,Bar,6/26/20,15,36.161418,-86.77575,1.0,rooftop,Davidson County,37201.0,221 Broadway,391545,Closed,2020-06-13 13:35:47,2020-06-15 15:28:54,,False,False,221 Broadway,NASHVILLE,19.0,37201.0,"(36.1613786, -86.7756102)",221 Broadway,NASHVILLE,37201.0,TN,36.161418,-86.77575,1.0,rooftop,221,Broadway,Nashville,TN,Davidson County,37201
43,Kid Rock's Big Ass Honky Tonk,221 Broadway,Nashville,TN,Bar,6/26/20,15,36.161418,-86.77575,1.0,rooftop,Davidson County,37201.0,221 Broadway,391693,Closed,2020-06-14 02:27:25,2020-06-15 15:25:31,,False,False,221 Broadway,NASHVILLE,19.0,37201.0,"(36.161503161606255, -86.77562629325409)",221 Broadway,NASHVILLE,37201.0,TN,36.161418,-86.77575,1.0,rooftop,221,Broadway,Nashville,TN,Davidson County,37201
44,Kid Rock's Big Ass Honky Tonk,221 Broadway,Nashville,TN,Bar,6/26/20,15,36.161418,-86.77575,1.0,rooftop,Davidson County,37201.0,221 Broadway,391621,Closed,2020-06-13 19:47:30,2020-06-15 15:29:05,,False,False,221 Broadway,NASHVILLE,19.0,37201.0,"(36.16144620000001, -86.7757255)",221 Broadway,NASHVILLE,37201.0,TN,36.161418,-86.77575,1.0,rooftop,221,Broadway,Nashville,TN,Davidson County,37201
45,Kid Rock's Big Ass Honky Tonk,221 Broadway,Nashville,TN,Bar,6/26/20,15,36.161418,-86.77575,1.0,rooftop,Davidson County,37201.0,221 Broadway,391716,Closed,2020-06-14 04:36:17,2020-06-15 15:26:23,,False,False,221 Broadway,NASHVILLE,19.0,37201.0,"(36.16144620000001, -86.7757255)",221 Broadway,NASHVILLE,37201.0,TN,36.161418,-86.77575,1.0,rooftop,221,Broadway,Nashville,TN,Davidson County,37201
46,Kid Rock's Big Ass Honky Tonk,221 Broadway,Nashville,TN,Bar,6/26/20,15,36.161418,-86.77575,1.0,rooftop,Davidson County,37201.0,221 Broadway,391598,Closed,2020-06-13 18:01:06,2020-06-15 15:25:45,,False,False,221 Broadway,NASHVILLE,19.0,37201.0,"(36.16144620000001, -86.7757255)",221 Broadway,NASHVILLE,37201.0,TN,36.161418,-86.77575,1.0,rooftop,221,Broadway,Nashville,TN,Davidson County,37201
47,Kid Rock's Big Ass Honky Tonk,221 Broadway,Nashville,TN,Bar,6/26/20,15,36.161418,-86.77575,1.0,rooftop,Davidson County,37201.0,221 Broadway,391592,Closed,2020-06-13 17:42:51,2020-06-15 15:28:29,,False,False,221 Broadway,NASHVILLE,19.0,37201.0,"(36.1613786, -86.7756102)",221 Broadway,NASHVILLE,37201.0,TN,36.161418,-86.77575,1.0,rooftop,221,Broadway,Nashville,TN,Davidson County,37201
48,Kid Rock's Big Ass Honky Tonk,221 Broadway,Nashville,TN,Bar,6/26/20,15,36.161418,-86.77575,1.0,rooftop,Davidson County,37201.0,221 Broadway,391558,Closed,2020-06-13 14:45:58,2020-06-15 15:29:16,,False,False,221 Broadway,NASHVILLE,19.0,37201.0,"(36.16144620000001, -86.7757255)",221 Broadway,NASHVILLE,37201.0,TN,36.161418,-86.77575,1.0,rooftop,221,Broadway,Nashville,TN,Davidson County,37201
49,Kid Rock's Big Ass Honky Tonk,221 Broadway,Nashville,TN,Bar,6/26/20,15,36.161418,-86.77575,1.0,rooftop,Davidson County,37201.0,221 Broadway,391609,Closed,2020-06-13 18:56:10,2020-06-15 15:26:50,,False,False,221 Broadway,NASHVILLE,19.0,37201.0,"(36.161503161606255, -86.77562629325409)",221 Broadway,NASHVILLE,37201.0,TN,36.161418,-86.77575,1.0,rooftop,221,Broadway,Nashville,TN,Davidson County,37201
50,Kid Rock's Big Ass Honky Tonk,221 Broadway,Nashville,TN,Bar,6/26/20,15,36.161418,-86.77575,1.0,rooftop,Davidson County,37201.0,221 Broadway,391594,Closed,2020-06-13 17:51:10,2020-06-15 15:28:16,,False,False,221 Broadway,NASHVILLE,19.0,37201.0,"(36.16144620000001, -86.7757255)",221 Broadway,NASHVILLE,37201.0,TN,36.161418,-86.77575,1.0,rooftop,221,Broadway,Nashville,TN,Davidson County,37201
51,Kid Rock's Big Ass Honky Tonk,221 Broadway,Nashville,TN,Bar,6/26/20,15,36.161418,-86.77575,1.0,rooftop,Davidson County,37201.0,221 Broadway,391719,Closed,2020-06-14 05:00:12,2020-06-15 15:26:03,,False,False,221 Broadway,,,,"(36.16144620000001, -86.7757255)",221 Broadway,Nashville,,TN,36.161418,-86.77575,1.0,rooftop,221,Broadway,Nashville,TN,Davidson County,37201
52,Kid Rock's Big Ass Honky Tonk,221 Broadway,Nashville,TN,Bar,6/26/20,15,36.161418,-86.77575,1.0,rooftop,Davidson County,37201.0,221 Broadway,391683,Closed,2020-06-14 01:06:47,2020-06-15 15:27:48,,False,False,221 Broadway,NASHVILLE,19.0,37201.0,"(36.1613786, -86.7756102)",221 Broadway,NASHVILLE,37201.0,TN,36.161418,-86.77575,1.0,rooftop,221,Broadway,Nashville,TN,Davidson County,37201
53,Kid Rock's Big Ass Honky Tonk,221 Broadway,Nashville,TN,Bar,6/26/20,15,36.161418,-86.77575,1.0,rooftop,Davidson County,37201.0,221 Broadway,380234,Closed,2020-05-30 02:44:58,2020-06-01 17:38:33,,False,False,221 Broadway,NASHVILLE,19.0,37201.0,"(36.161503161606255, -86.77562629325409)",221 Broadway,NASHVILLE,37201.0,TN,36.161418,-86.77575,1.0,rooftop,221,Broadway,Nashville,TN,Davidson County,37201
54,Kid Rock's Big Ass Honky Tonk,221 Broadway,Nashville,TN,Bar,6/26/20,15,36.161418,-86.77575,1.0,rooftop,Davidson County,37201.0,221 Broadway,380248,Closed,2020-05-30 04:14:13,2020-06-01 17:38:56,,False,False,221 Broadway,NASHVILLE,19.0,37201.0,"(36.16144620000001, -86.7757255)",221 Broadway,NASHVILLE,37201.0,TN,36.161418,-86.77575,1.0,rooftop,221,Broadway,Nashville,TN,Davidson County,37201
55,Kid Rock's Big Ass Honky Tonk,221 Broadway,Nashville,TN,Bar,6/26/20,15,36.161418,-86.77575,1.0,rooftop,Davidson County,37201.0,221 Broadway,402931,Closed,2020-06-29 15:25:31,2020-06-30 19:22:30,,False,False,221 Broadway,NASHVILLE,19.0,37201.0,"(36.16144620000001, -86.7757255)",221 Broadway,NASHVILLE,37201.0,TN,36.161418,-86.77575,1.0,rooftop,221,Broadway,Nashville,TN,Davidson County,37201
56,Kid Rock's Big Ass Honky Tonk,221 Broadway,Nashville,TN,Bar,6/26/20,15,36.161418,-86.77575,1.0,rooftop,Davidson County,37201.0,221 Broadway,391518,Closed,2020-06-13 04:50:52,2020-06-15 15:24:49,,False,False,221 Broadway,NASHVILLE,19.0,37201.0,"(36.16144620000001, -86.7757255)",221 Broadway,NASHVILLE,37201.0,TN,36.161418,-86.77575,1.0,rooftop,221,Broadway,Nashville,TN,Davidson County,37201
57,Kid Rock's Big Ass Honky Tonk,221 Broadway,Nashville,TN,Bar,6/26/20,15,36.161418,-86.77575,1.0,rooftop,Davidson County,37201.0,221 Broadway,386771,Closed,2020-06-08 16:49:25,2020-06-09 17:11:27,,False,False,221 Broadway,NASHVILLE,19.0,37201.0,"(36.16145, -86.77573)",221 Broadway,NASHVILLE,37201.0,TN,36.161418,-86.77575,1.0,rooftop,221,Broadway,Nashville,TN,Davidson County,37201
58,Kid Rock's Big Ass Honky Tonk,221 Broadway,Nashville,TN,Bar,6/26/20,15,36.161418,-86.77575,1.0,rooftop,Davidson County,37201.0,221 Broadway,391743,Closed,2020-06-14 13:29:23,2020-06-15 15:25:17,,False,False,221 Broadway,NASHVILLE,19.0,37201.0,"(36.16144620000001, -86.7757255)",221 Broadway,NASHVILLE,37201.0,TN,36.161418,-86.77575,1.0,rooftop,221,Broadway,Nashville,TN,Davidson County,37201
59,Kid Rock's Big Ass Honky Tonk,221 Broadway,Nashville,TN,Bar,6/26/20,15,36.161418,-86.77575,1.0,rooftop,Davidson County,37201.0,221 Broadway,391602,Closed,2020-06-13 18:05:44,2020-06-15 15:28:01,,False,False,221 Broadway,NASHVILLE,19.0,37201.0,"(36.161342211606204, -86.77562365000001)",221 Broadway,NASHVILLE,37201.0,TN,36.161418,-86.77575,1.0,rooftop,221,Broadway,Nashville,TN,Davidson County,37201
60,Kid Rock's Big Ass Honky Tonk,221 Broadway,Nashville,TN,Bar,6/26/20,15,36.161418,-86.77575,1.0,rooftop,Davidson County,37201.0,221 Broadway,391751,Closed,2020-06-14 13:59:21,2020-06-15 15:25:02,,False,False,221 Broadway,NASHVILLE,19.0,37201.0,"(36.16144620000001, -86.7757255)",221 Broadway,NASHVILLE,37201.0,TN,36.161418,-86.77575,1.0,rooftop,221,Broadway,Nashville,TN,Davidson County,37201
61,Kid Rock's Big Ass Honky Tonk,221 Broadway,Nashville,TN,Bar,6/26/20,15,36.161418,-86.77575,1.0,rooftop,Davidson County,37201.0,221 Broadway,399899,Closed,2020-06-24 20:36:53,2020-06-25 17:41:53,,False,False,221 Broadway,NASHVILLE,19.0,37201.0,"(36.16138, -86.77561)",221 Broadway,NASHVILLE,37201.0,TN,36.161418,-86.77575,1.0,rooftop,221,Broadway,Nashville,TN,Davidson County,37201
62,Kid Rock's Big Ass Honky Tonk,221 Broadway,Nashville,TN,Bar,6/26/20,15,36.161418,-86.77575,1.0,rooftop,Davidson County,37201.0,221 Broadway,392660,Closed,2020-06-15 19:46:38,2020-06-16 16:12:04,,False,False,221 Broadway,NASHVILLE,19.0,37201.0,"(36.1613786, -86.7756102)",221 Broadway,NASHVILLE,37201.0,TN,36.161418,-86.77575,1.0,rooftop,221,Broadway,Nashville,TN,Davidson County,37201
63,Kid Rock's Big Ass Honky Tonk,221 Broadway,Nashville,TN,Bar,6/26/20,15,36.161418,-86.77575,1.0,rooftop,Davidson County,37201.0,221 Broadway,403725,Closed,2020-06-30 05:09:59,2020-06-30 19:22:16,,False,False,221 Broadway,NASHVILLE,19.0,37201.0,"(36.16144620000001, -86.7757255)",221 Broadway,NASHVILLE,37201.0,TN,36.161418,-86.77575,1.0,rooftop,221,Broadway,Nashville,TN,Davidson County,37201
64,Kid Rock's Big Ass Honky Tonk,221 Broadway,Nashville,TN,Bar,6/26/20,15,36.161418,-86.77575,1.0,rooftop,Davidson County,37201.0,221 Broadway,403726,Closed,2020-06-30 05:19:23,2020-06-30 19:22:46,,False,False,221 Broadway,NASHVILLE,19.0,37201.0,"(36.16144620000001, -86.7757255)",221 Broadway,NASHVILLE,37201.0,TN,36.161418,-86.77575,1.0,rooftop,221,Broadway,Nashville,TN,Davidson County,37201
65,Kid Rock's Big Ass Honky Tonk,221 Broadway,Nashville,TN,Bar,6/26/20,15,36.161418,-86.77575,1.0,rooftop,Davidson County,37201.0,221 Broadway,403613,Closed,2020-06-29 21:52:49,2020-06-30 19:23:02,,False,False,221 Broadway,NASHVILLE,19.0,37201.0,"(36.1613786, -86.7756102)",221 Broadway,NASHVILLE,37201.0,TN,36.161418,-86.77575,1.0,rooftop,221,Broadway,Nashville,TN,Davidson County,37201
66,Kid Rock's Big Ass Honky Tonk,221 Broadway,Nashville,TN,Bar,6/26/20,15,36.161418,-86.77575,1.0,rooftop,Davidson County,37201.0,221 Broadway,401129,Closed,2020-06-26 04:12:33,2020-06-26 16:41:28,,False,False,221 Broadway,NASHVILLE,19.0,37201.0,"(36.1613758, -86.7757489)",221 Broadway,NASHVILLE,37201.0,TN,36.161418,-86.77575,1.0,rooftop,221,Broadway,Nashville,TN,Davidson County,37201
67,Kid Rock's Big Ass Honky Tonk,221 Broadway,Nashville,TN,Bar,6/26/20,15,36.161418,-86.77575,1.0,rooftop,Davidson County,37201.0,221 Broadway,401021,Closed,2020-06-25 21:58:36,2020-06-26 16:41:01,,False,False,221 Broadway,NASHVILLE,19.0,37201.0,"(36.16143035235195, -86.7757053563446)",221 Broadway,NASHVILLE,37201.0,TN,36.161418,-86.77575,1.0,rooftop,221,Broadway,Nashville,TN,Davidson County,37201
68,Kid Rock's Big Ass Honky Tonk,221 Broadway,Nashville,TN,Bar,6/26/20,15,36.161418,-86.77575,1.0,rooftop,Davidson County,37201.0,221 Broadway,400338,Closed,2020-06-25 15:00:39,2020-06-26 16:41:14,,False,False,221 Broadway,NASHVILLE,19.0,37201.0,"(36.1610794, -86.7759775)",221 Broadway,NASHVILLE,37201.0,TN,36.161418,-86.77575,1.0,rooftop,221,Broadway,Nashville,TN,Davidson County,37201
69,Kid Rock's Big Ass Honky Tonk,221 Broadway,Nashville,TN,Bar,6/26/20,15,36.161418,-86.77575,1.0,rooftop,Davidson County,37201.0,221 Broadway,401145,Closed,2020-06-26 10:39:54,2020-06-26 16:40:49,,False,False,221 Broadway,NASHVILLE,19.0,37201.0,"(36.1613786, -86.7756102)",221 Broadway,NASHVILLE,37201.0,TN,36.161418,-86.77575,1.0,rooftop,221,Broadway,Nashville,TN,Davidson County,37201
70,Kid Rock's Big Ass Honky Tonk,221 Broadway,Nashville,TN,Bar,6/26/20,15,36.161418,-86.77575,1.0,rooftop,Davidson County,37201.0,221 Broadway,406335,Closed,2020-07-02 16:57:39,2020-07-06 18:36:01,,False,False,221 Broadway,NASHVILLE,19.0,37201.0,"(36.16138, -86.77561)",221 Broadway,NASHVILLE,37201.0,TN,36.161418,-86.77575,1.0,rooftop,221,Broadway,Nashville,TN,Davidson County,37201
71,Kid Rock's Big Ass Honky Tonk,221 Broadway,Nashville,TN,Bar,6/26/20,15,36.161418,-86.77575,1.0,rooftop,Davidson County,37201.0,221 Broadway,405706,Closed,2020-07-01 23:52:57,2020-07-02 18:56:13,,False,False,221 Broadway,NASHVILLE,19.0,37201.0,"(36.1613786, -86.7756102)",221 Broadway,NASHVILLE,37201.0,TN,36.161418,-86.77575,1.0,rooftop,221,Broadway,Nashville,TN,Davidson County,37201
72,Kid Rock's Big Ass Honky Tonk,221 Broadway,Nashville,TN,Bar,6/26/20,15,36.161418,-86.77575,1.0,rooftop,Davidson County,37201.0,221 Broadway,420373,Closed,2020-07-19 15:21:24,2020-07-20 17:14:12,,False,False,221 Broadway,NASHVILLE,19.0,37201.0,"(36.16144620000001, -86.7757255)",221 Broadway,NASHVILLE,37201.0,TN,36.161418,-86.77575,1.0,rooftop,221,Broadway,Nashville,TN,Davidson County,37201
73,Kid Rock's Big Ass Honky Tonk,221 Broadway,Nashville,TN,Bar,6/26/20,15,36.161418,-86.77575,1.0,rooftop,Davidson County,37201.0,221 Broadway,403685,Closed,2020-06-30 01:20:17,2020-06-30 17:56:27,,False,False,221 Broadway,NASHVILLE,19.0,37201.0,"(36.16138, -86.77561)",221 Broadway,NASHVILLE,37201.0,TN,36.161418,-86.77575,1.0,rooftop,221,Broadway,Nashville,TN,Davidson County,37201
74,Kid Rock's Big Ass Honky Tonk,221 Broadway,Nashville,TN,Bar,6/26/20,15,36.161418,-86.77575,1.0,rooftop,Davidson County,37201.0,221 Broadway,457838,Closed,2020-09-03 17:52:33,2020-09-04 13:58:23,,False,False,221 Broadway,NASHVILLE,19.0,37201.0,"(36.16144620000001, -86.7757255)",221 Broadway,NASHVILLE,37201.0,TN,36.161418,-86.77575,1.0,rooftop,221,Broadway,Nashville,TN,Davidson County,37201
75,Kid Rock's Big Ass Honky Tonk,221 Broadway,Nashville,TN,Bar,6/26/20,15,36.161418,-86.77575,1.0,rooftop,Davidson County,37201.0,221 Broadway,449135,Closed,2020-08-20 17:37:23,2020-08-21 14:03:11,,False,False,221 Broadway,NASHVILLE,19.0,37201.0,"(36.16138021690526, -86.77572139956565)",221 Broadway,NASHVILLE,37201.0,TN,36.161418,-86.77575,1.0,rooftop,221,Broadway,Nashville,TN,Davidson County,37201
76,Kid Rock's Big Ass Honky Tonk,221 Broadway,Nashville,TN,Bar,6/26/20,15,36.161418,-86.77575,1.0,rooftop,Davidson County,37201.0,221 Broadway,448540,Closed,2020-08-19 20:48:26,2020-08-20 14:21:08,,False,False,221 Broadway,NASHVILLE,19.0,37201.0,"(36.1613786, -86.7756102)",221 Broadway,NASHVILLE,37201.0,TN,36.161418,-86.77575,1.0,rooftop,221,Broadway,Nashville,TN,Davidson County,37201
77,Kid Rock's Big Ass Honky Tonk,221 Broadway,Nashville,TN,Bar,6/26/20,15,36.161418,-86.77575,1.0,rooftop,Davidson County,37201.0,221 Broadway,449293,Closed,2020-08-20 19:53:29,2020-08-21 14:04:21,,False,False,221 Broadway,NASHVILLE,19.0,37201.0,"(36.16144620000001, -86.7757255)",221 Broadway,NASHVILLE,37201.0,TN,36.161418,-86.77575,1.0,rooftop,221,Broadway,Nashville,TN,Davidson County,37201
78,Kid Rock's Big Ass Honky Tonk,221 Broadway,Nashville,TN,Bar,6/26/20,15,36.161418,-86.77575,1.0,rooftop,Davidson County,37201.0,221 Broadway,471382,Closed,2020-09-27 05:18:58,2020-09-28 16:38:37,,False,False,221 Broadway,NASHVILLE,19.0,37201.0,"(36.16144620000001, -86.7757255)",221 Broadway,NASHVILLE,37201.0,TN,36.161418,-86.77575,1.0,rooftop,221,Broadway,Nashville,TN,Davidson County,37201
79,Kid Rock's Big Ass Honky Tonk,221 Broadway,Nashville,TN,Bar,6/26/20,15,36.161418,-86.77575,1.0,rooftop,Davidson County,37201.0,221 Broadway,458712,Closed,2020-09-04 19:21:34,2020-09-08 14:08:07,,False,False,221 Broadway,NASHVILLE,19.0,37201.0,"(36.16144620000001, -86.7757255)",221 Broadway,NASHVILLE,37201.0,TN,36.161418,-86.77575,1.0,rooftop,221,Broadway,Nashville,TN,Davidson County,37201
80,Kid Rock's Big Ass Honky Tonk,221 Broadway,Nashville,TN,Bar,6/26/20,15,36.161418,-86.77575,1.0,rooftop,Davidson County,37201.0,221 Broadway,486289,Closed,2020-10-22 15:37:45,2020-10-23 13:44:11,,False,False,221 Broadway,NASHVILLE,19.0,37201.0,"(36.16144620000001, -86.7757255)",221 Broadway,NASHVILLE,37201.0,TN,36.161418,-86.77575,1.0,rooftop,221,Broadway,Nashville,TN,Davidson County,37201
81,Loser's,111 4th Ave S,Nashville,TN,Bar,6/26/20,29,36.160398,-86.777109,1.0,rooftop,Davidson County,37201.0,111 4th Ave S,490778,Closed,2020-10-29 03:09:48,2020-10-30 13:28:08,,False,False,111 4th Ave S,NASHVILLE,19.0,37201.0,"(36.160461811605835, -86.7769878067459)",111 4th Ave S,NASHVILLE,37201.0,TN,36.160398,-86.777109,1.0,rooftop,111,4th Ave S,Nashville,TN,Davidson County,37201
82,Tootsie's,422 Broadway,Nashville,TN,Bar,6/26/20,27,36.160826,-86.778249,1.0,rooftop,Davidson County,37203.0,422 Broadway,426950,Closed,2020-07-26 14:27:51,2020-07-27 20:13:20,,False,False,422 Broadway,NASHVILLE,19.0,37203.0,"(36.1607689, -86.77821)",422 Broadway,NASHVILLE,37203.0,TN,36.160826,-86.778249,1.0,rooftop,422,Broadway,Nashville,TN,Davidson County,37203
83,Tootsie's,422 Broadway,Nashville,TN,Bar,6/26/20,27,36.160826,-86.778249,1.0,rooftop,Davidson County,37203.0,422 Broadway,360510,Closed,2020-05-06 15:57:32,2020-05-07 15:08:02,,False,False,422 Broadway,NASHVILLE,19.0,37203.0,"(36.1607689, -86.77821)",422 Broadway,NASHVILLE,37203.0,TN,36.160826,-86.778249,1.0,rooftop,422,Broadway,Nashville,TN,Davidson County,37203
84,Tootsie's,422 Broadway,Nashville,TN,Bar,6/26/20,27,36.160826,-86.778249,1.0,rooftop,Davidson County,37203.0,422 Broadway,390472,Closed,2020-06-12 13:00:19,2020-06-15 15:39:26,,False,False,422 Broadway,NASHVILLE,19.0,37203.0,"(36.1607824, -86.7781997)",422 Broadway,NASHVILLE,37203.0,TN,36.160826,-86.778249,1.0,rooftop,422,Broadway,Nashville,TN,Davidson County,37203
85,Tootsie's,422 Broadway,Nashville,TN,Bar,6/26/20,27,36.160826,-86.778249,1.0,rooftop,Davidson County,37203.0,422 Broadway,375493,Closed,2020-05-23 22:03:47,2020-05-26 14:57:41,,False,False,422 Broadway,NASHVILLE,19.0,37203.0,"(36.1606955116059, -86.77819390674591)",422 Broadway,NASHVILLE,37203.0,TN,36.160826,-86.778249,1.0,rooftop,422,Broadway,Nashville,TN,Davidson County,37203
86,Tootsie's,422 Broadway,Nashville,TN,Bar,6/26/20,27,36.160826,-86.778249,1.0,rooftop,Davidson County,37203.0,422 Broadway,395808,Closed,2020-06-18 20:49:36,2020-06-19 18:24:37,,False,False,422 Broadway,NASHVILLE,19.0,37203.0,"(36.1607824, -86.7781997)",422 Broadway,NASHVILLE,37203.0,TN,36.160826,-86.778249,1.0,rooftop,422,Broadway,Nashville,TN,Davidson County,37203
87,Tootsie's,422 Broadway,Nashville,TN,Bar,6/26/20,27,36.160826,-86.778249,1.0,rooftop,Davidson County,37203.0,422 Broadway,391810,Closed,2020-06-14 18:46:01,2020-06-15 15:39:12,,False,False,422 Broadway,NASHVILLE,19.0,37203.0,"(36.1607689, -86.77821)",422 Broadway,NASHVILLE,37203.0,TN,36.160826,-86.778249,1.0,rooftop,422,Broadway,Nashville,TN,Davidson County,37203
88,Tootsie's,422 Broadway,Nashville,TN,Bar,6/26/20,27,36.160826,-86.778249,1.0,rooftop,Davidson County,37203.0,422 Broadway,402795,Closed,2020-06-29 14:03:35,2020-06-30 19:31:54,,False,False,422 Broadway,NASHVILLE,19.0,37203.0,"(36.1607824, -86.7781997)",422 Broadway,NASHVILLE,37203.0,TN,36.160826,-86.778249,1.0,rooftop,422,Broadway,Nashville,TN,Davidson County,37203
89,Tootsie's,422 Broadway,Nashville,TN,Bar,6/26/20,27,36.160826,-86.778249,1.0,rooftop,Davidson County,37203.0,422 Broadway,399878,Closed,2020-06-24 20:17:23,2020-06-25 17:46:10,,False,False,422 Broadway,NASHVILLE,19.0,37203.0,"(36.1607824, -86.7781997)",422 Broadway,NASHVILLE,37203.0,TN,36.160826,-86.778249,1.0,rooftop,422,Broadway,Nashville,TN,Davidson County,37203
90,Tootsie's,422 Broadway,Nashville,TN,Bar,6/26/20,27,36.160826,-86.778249,1.0,rooftop,Davidson County,37203.0,422 Broadway,399574,Closed,2020-06-24 16:45:47,2020-06-25 17:46:36,,False,False,422 Broadway,NASHVILLE,19.0,37203.0,"(36.1607824, -86.7781997)",422 Broadway,NASHVILLE,37203.0,TN,36.160826,-86.778249,1.0,rooftop,422,Broadway,Nashville,TN,Davidson County,37203
91,Tootsie's,422 Broadway,Nashville,TN,Bar,6/26/20,27,36.160826,-86.778249,1.0,rooftop,Davidson County,37203.0,422 Broadway,397007,Closed,2020-06-20 17:30:13,2020-06-22 16:25:04,,False,False,422 Broadway,NASHVILLE,19.0,37203.0,"(36.1607689, -86.77821)",422 Broadway,NASHVILLE,37203.0,TN,36.160826,-86.778249,1.0,rooftop,422,Broadway,Nashville,TN,Davidson County,37203
92,Tootsie's,422 Broadway,Nashville,TN,Bar,6/26/20,27,36.160826,-86.778249,1.0,rooftop,Davidson County,37203.0,422 Broadway,400936,Closed,2020-06-25 21:09:34,2020-06-26 16:48:31,,False,False,422 Broadway,NASHVILLE,19.0,37203.0,"(36.16070556160589, -86.77818360674591)",422 Broadway,NASHVILLE,37203.0,TN,36.160826,-86.778249,1.0,rooftop,422,Broadway,Nashville,TN,Davidson County,37203
93,Tootsie's,422 Broadway,Nashville,TN,Bar,6/26/20,27,36.160826,-86.778249,1.0,rooftop,Davidson County,37203.0,422 Broadway,400409,Closed,2020-06-25 15:37:14,2020-06-26 16:48:04,,False,False,422 Broadway,NASHVILLE,19.0,37203.0,"(36.1607689, -86.77821)",422 Broadway,NASHVILLE,37203.0,TN,36.160826,-86.778249,1.0,rooftop,422,Broadway,Nashville,TN,Davidson County,37203
94,Tootsie's,422 Broadway,Nashville,TN,Bar,6/26/20,27,36.160826,-86.778249,1.0,rooftop,Davidson County,37203.0,422 Broadway,400098,Closed,2020-06-25 05:09:53,2020-06-25 17:46:23,,False,False,422 Broadway,NASHVILLE,19.0,37203.0,"(36.1607824, -86.7781997)",422 Broadway,NASHVILLE,37203.0,TN,36.160826,-86.778249,1.0,rooftop,422,Broadway,Nashville,TN,Davidson County,37203
95,Tootsie's,422 Broadway,Nashville,TN,Bar,6/26/20,27,36.160826,-86.778249,1.0,rooftop,Davidson County,37203.0,422 Broadway,400538,Closed,2020-06-25 16:59:40,2020-06-26 16:47:24,,False,False,422 Broadway,NASHVILLE,19.0,37203.0,"(36.16078, -86.7782)",422 Broadway,NASHVILLE,37203.0,TN,36.160826,-86.778249,1.0,rooftop,422,Broadway,Nashville,TN,Davidson County,37203
96,Tootsie's,422 Broadway,Nashville,TN,Bar,6/26/20,27,36.160826,-86.778249,1.0,rooftop,Davidson County,37203.0,422 Broadway,401058,Closed,2020-06-25 23:29:33,2020-06-26 16:48:17,,False,False,422 Broadway,NASHVILLE,19.0,37203.0,"(36.1607689, -86.77821)",422 Broadway,NASHVILLE,37203.0,TN,36.160826,-86.778249,1.0,rooftop,422,Broadway,Nashville,TN,Davidson County,37203
97,Tootsie's,422 Broadway,Nashville,TN,Bar,6/26/20,27,36.160826,-86.778249,1.0,rooftop,Davidson County,37203.0,422 Broadway,401475,Closed,2020-06-26 15:38:38,2020-06-30 19:31:40,,False,False,422 Broadway,NASHVILLE,19.0,37203.0,"(36.1606955116059, -86.77819390674591)",422 Broadway,NASHVILLE,37203.0,TN,36.160826,-86.778249,1.0,rooftop,422,Broadway,Nashville,TN,Davidson County,37203
98,Tootsie's,422 Broadway,Nashville,TN,Bar,6/26/20,27,36.160826,-86.778249,1.0,rooftop,Davidson County,37203.0,422 Broadway,401857,Closed,2020-06-26 20:02:22,2020-06-29 19:06:31,,False,False,422 Broadway,NASHVILLE,19.0,37203.0,"(36.1607824, -86.7781997)",422 Broadway,NASHVILLE,37203.0,TN,36.160826,-86.778249,1.0,rooftop,422,Broadway,Nashville,TN,Davidson County,37203
99,Tootsie's,422 Broadway,Nashville,TN,Bar,6/26/20,27,36.160826,-86.778249,1.0,rooftop,Davidson County,37203.0,422 Broadway,401293,Closed,2020-06-26 14:11:01,2020-06-29 19:07:14,,False,False,422 Broadway,NASHVILLE,19.0,37203.0,"(36.16077, -86.77821)",422 Broadway,NASHVILLE,37203.0,TN,36.160826,-86.778249,1.0,rooftop,422,Broadway,Nashville,TN,Davidson County,37203
100,Tootsie's,422 Broadway,Nashville,TN,Bar,6/26/20,27,36.160826,-86.778249,1.0,rooftop,Davidson County,37203.0,422 Broadway,401314,Closed,2020-06-26 14:20:49,2020-06-29 19:07:00,,False,False,422 Broadway,NASHVILLE,19.0,37203.0,"(36.16077, -86.77821)",422 Broadway,NASHVILLE,37203.0,TN,36.160826,-86.778249,1.0,rooftop,422,Broadway,Nashville,TN,Davidson County,37203
101,Tootsie's,422 Broadway,Nashville,TN,Bar,6/26/20,27,36.160826,-86.778249,1.0,rooftop,Davidson County,37203.0,422 Broadway,402384,Closed,2020-06-28 00:19:35,2020-06-29 19:07:41,,False,False,422 Broadway,NASHVILLE,19.0,37203.0,"(36.1607689, -86.77821)",422 Broadway,NASHVILLE,37203.0,TN,36.160826,-86.778249,1.0,rooftop,422,Broadway,Nashville,TN,Davidson County,37203
102,Tootsie's,422 Broadway,Nashville,TN,Bar,6/26/20,27,36.160826,-86.778249,1.0,rooftop,Davidson County,37203.0,422 Broadway,402422,Closed,2020-06-28 04:46:13,2020-06-30 19:31:26,,False,False,422 Broadway,NASHVILLE,19.0,37203.0,"(36.1607689, -86.77821)",422 Broadway,NASHVILLE,37203.0,TN,36.160826,-86.778249,1.0,rooftop,422,Broadway,Nashville,TN,Davidson County,37203
103,Tootsie's,422 Broadway,Nashville,TN,Bar,6/26/20,27,36.160826,-86.778249,1.0,rooftop,Davidson County,37203.0,422 Broadway,402188,Closed,2020-06-27 08:21:26,2020-06-29 19:07:28,,False,False,422 Broadway,NASHVILLE,19.0,37203.0,"(36.1606955116059, -86.77819390674591)",422 Broadway,NASHVILLE,37203.0,TN,36.160826,-86.778249,1.0,rooftop,422,Broadway,Nashville,TN,Davidson County,37203
104,Tootsie's,422 Broadway,Nashville,TN,Bar,6/26/20,27,36.160826,-86.778249,1.0,rooftop,Davidson County,37203.0,422 Broadway,402244,Closed,2020-06-27 15:28:57,2020-06-29 19:06:46,,False,False,422 Broadway,NASHVILLE,19.0,37203.0,"(36.16069551160592, -86.77819390674591)",422 Broadway,NASHVILLE,37203.0,TN,36.160826,-86.778249,1.0,rooftop,422,Broadway,Nashville,TN,Davidson County,37203
105,Tootsie's,422 Broadway,Nashville,TN,Bar,6/26/20,27,36.160826,-86.778249,1.0,rooftop,Davidson County,37203.0,422 Broadway,402594,Closed,2020-06-29 00:53:12,2020-06-30 19:31:12,,False,False,422 Broadway,NASHVILLE,19.0,37203.0,"(36.1607689, -86.77821)",422 Broadway,NASHVILLE,37203.0,TN,36.160826,-86.778249,1.0,rooftop,422,Broadway,Nashville,TN,Davidson County,37203
106,Tootsie's,422 Broadway,Nashville,TN,Bar,6/26/20,27,36.160826,-86.778249,1.0,rooftop,Davidson County,37203.0,422 Broadway,404639,Closed,2020-07-01 01:41:19,2020-07-01 17:36:42,,False,False,422 Broadway,NASHVILLE,19.0,37203.0,"(36.1606955116059, -86.77819390674591)",422 Broadway,NASHVILLE,37203.0,TN,36.160826,-86.778249,1.0,rooftop,422,Broadway,Nashville,TN,Davidson County,37203
107,Tootsie's,422 Broadway,Nashville,TN,Bar,6/26/20,27,36.160826,-86.778249,1.0,rooftop,Davidson County,37203.0,422 Broadway,448953,Closed,2020-08-20 15:13:35,2020-08-21 13:57:46,,False,False,422 Broadway,NASHVILLE,19.0,37203.0,"(36.16069551160592, -86.77819390674591)",422 Broadway,NASHVILLE,37203.0,TN,36.160826,-86.778249,1.0,rooftop,422,Broadway,Nashville,TN,Davidson County,37203
108,Tootsie's,422 Broadway,Nashville,TN,Bar,6/26/20,27,36.160826,-86.778249,1.0,rooftop,Davidson County,37203.0,422 Broadway,434119,Closed,2020-07-31 15:21:29,2020-08-03 17:27:31,,False,False,422 Broadway,NASHVILLE,19.0,37203.0,"(36.16078, -86.7782)",422 Broadway,NASHVILLE,37203.0,TN,36.160826,-86.778249,1.0,rooftop,422,Broadway,Nashville,TN,Davidson County,37203
109,Winner's,1913 Division St,Nashville,TN,Bar,6/26/20,10,36.149569,-86.79689499999999,1.0,rooftop,Davidson County,37203.0,1913 Division St,394186,Closed,2020-06-17 14:44:53,2020-06-18 16:13:36,,False,False,1913 Division St,NASHVILLE,19.0,37203.0,"(36.14957140000001, -86.7968217)",1913 Division St,NASHVILLE,37203.0,TN,36.149569,-86.79689499999999,1.0,rooftop,1913,Division St,Nashville,TN,Davidson County,37203
110,Winner's,1913 Division St,Nashville,TN,Bar,6/26/20,10,36.149569,-86.79689499999999,1.0,rooftop,Davidson County,37203.0,1913 Division St,425395,Closed,2020-07-24 15:01:08,2020-07-27 19:50:46,,False,False,1913 Division St,NASHVILLE,19.0,37203.0,"(36.14959169999999, -86.7968655)",1913 Division St,NASHVILLE,37203.0,TN,36.149569,-86.79689499999999,1.0,rooftop,1913,Division St,Nashville,TN,Davidson County,37203
111,Winner's,1913 Division St,Nashville,TN,Bar,6/26/20,10,36.149569,-86.79689499999999,1.0,rooftop,Davidson County,37203.0,1913 Division St,418887,Closed,2020-07-17 05:30:10,2020-07-17 17:59:59,,False,False,1913 Division St,NASHVILLE,19.0,37203.0,"(36.14957140000001, -86.7968217)",1913 Division St,NASHVILLE,37203.0,TN,36.149569,-86.79689499999999,1.0,rooftop,1913,Division St,Nashville,TN,Davidson County,37203
112,Winner's,1913 Division St,Nashville,TN,Bar,6/26/20,10,36.149569,-86.79689499999999,1.0,rooftop,Davidson County,37203.0,1913 Division St,440323,Closed,2020-08-07 17:47:04,2020-08-10 15:37:20,,False,False,1913 Division St,NASHVILLE,19.0,37203.0,"(36.14959169999999, -86.7968655)",1913 Division St,NASHVILLE,37203.0,TN,36.149569,-86.79689499999999,1.0,rooftop,1913,Division St,Nashville,TN,Davidson County,37203
113,Winner's,1913 Division St,Nashville,TN,Bar,6/26/20,10,36.149569,-86.79689499999999,1.0,rooftop,Davidson County,37203.0,1913 Division St,426537,Closed,2020-07-25 15:16:52,2020-07-27 19:50:59,,False,False,1913 Division St,NASHVILLE,19.0,37203.0,"(36.14959169999999, -86.7968655)",1913 Division St,NASHVILLE,37203.0,TN,36.149569,-86.79689499999999,1.0,rooftop,1913,Division St,Nashville,TN,Davidson County,37203
114,Winner's,1913 Division St,Nashville,TN,Bar,6/26/20,10,36.149569,-86.79689499999999,1.0,rooftop,Davidson County,37203.0,1913 Division St,392988,Closed,2020-06-16 12:14:15,2020-06-17 17:52:48,,False,False,1913 Division St,NASHVILLE,19.0,37203.0,"(36.14957140000001, -86.7968217)",1913 Division St,NASHVILLE,37203.0,TN,36.149569,-86.79689499999999,1.0,rooftop,1913,Division St,Nashville,TN,Davidson County,37203
115,Winner's,1913 Division St,Nashville,TN,Bar,6/26/20,10,36.149569,-86.79689499999999,1.0,rooftop,Davidson County,37203.0,1913 Division St,419971,Closed,2020-07-18 05:34:25,2020-07-20 18:39:29,,False,False,1913 Division St,NASHVILLE,19.0,37203.0,"(36.14966486160123, -86.79688159325408)",1913 Division St,NASHVILLE,37203.0,TN,36.149569,-86.79689499999999,1.0,rooftop,1913,Division St,Nashville,TN,Davidson County,37203
116,Winner's,1913 Division St,Nashville,TN,Bar,6/26/20,10,36.149569,-86.79689499999999,1.0,rooftop,Davidson County,37203.0,1913 Division St,419906,Closed,2020-07-18 00:35:00,2020-07-20 18:41:07,,False,False,1913 Division St,NASHVILLE,19.0,37203.0,"(36.14965971160122, -86.79689755)",1913 Division St,NASHVILLE,37203.0,TN,36.149569,-86.79689499999999,1.0,rooftop,1913,Division St,Nashville,TN,Davidson County,37203
117,Winner's,1913 Division St,Nashville,TN,Bar,6/26/20,10,36.149569,-86.79689499999999,1.0,rooftop,Davidson County,37203.0,1913 Division St,414137,Closed,2020-07-12 04:15:50,2020-07-13 19:01:41,,False,False,1913 Division St,NASHVILLE,19.0,37203.0,"(36.14957140000001, -86.7968217)",1913 Division St,NASHVILLE,37203.0,TN,36.149569,-86.79689499999999,1.0,rooftop,1913,Division St,Nashville,TN,Davidson County,37203
118,Winner's,1913 Division St,Nashville,TN,Bar,6/26/20,10,36.149569,-86.79689499999999,1.0,rooftop,Davidson County,37203.0,1913 Division St,414147,Closed,2020-07-12 06:36:00,2020-07-13 19:02:06,,False,False,1913 Division St,NASHVILLE,19.0,37203.0,"(36.14968727807628, -86.79689218558197)",1913 Division St,NASHVILLE,37203.0,TN,36.149569,-86.79689499999999,1.0,rooftop,1913,Division St,Nashville,TN,Davidson County,37203
119,Winner's,1913 Division St,Nashville,TN,Bar,6/26/20,10,36.149569,-86.79689499999999,1.0,rooftop,Davidson County,37203.0,1913 Division St,414182,Closed,2020-07-12 15:30:27,2020-07-13 19:01:15,,False,False,1913 Division St,NASHVILLE,19.0,37203.0,"(36.14959169999999, -86.7968655)",1913 Division St,NASHVILLE,37203.0,TN,36.149569,-86.79689499999999,1.0,rooftop,1913,Division St,Nashville,TN,Davidson County,37203
120,Winner's,1913 Division St,Nashville,TN,Bar,6/26/20,10,36.149569,-86.79689499999999,1.0,rooftop,Davidson County,37203.0,1913 Division St,420068,Closed,2020-07-18 15:00:06,2020-07-20 18:40:24,,False,False,1913 Division St,NASHVILLE,19.0,37203.0,"(36.14957140000001, -86.7968217)",1913 Division St,NASHVILLE,37203.0,TN,36.149569,-86.79689499999999,1.0,rooftop,1913,Division St,Nashville,TN,Davidson County,37203
121,Winner's,1913 Division St,Nashville,TN,Bar,6/26/20,10,36.149569,-86.79689499999999,1.0,rooftop,Davidson County,37203.0,1913 Division St,413830,Closed,2020-07-11 04:15:26,2020-07-13 19:01:28,,False,False,1913 Division St,NASHVILLE,19.0,37203.0,"(36.14957140000001, -86.7968217)",1913 Division St,NASHVILLE,37203.0,TN,36.149569,-86.79689499999999,1.0,rooftop,1913,Division St,Nashville,TN,Davidson County,37203
122,Winner's,1913 Division St,Nashville,TN,Bar,6/26/20,10,36.149569,-86.79689499999999,1.0,rooftop,Davidson County,37203.0,1913 Division St,414248,Closed,2020-07-12 20:27:18,2020-07-13 19:01:55,,False,False,1913 Division St,NASHVILLE,19.0,37203.0,"(36.14957140000001, -86.7968217)",1913 Division St,NASHVILLE,37203.0,TN,36.149569,-86.79689499999999,1.0,rooftop,1913,Division St,Nashville,TN,Davidson County,37203
123,Winner's,1913 Division St,Nashville,TN,Bar,6/26/20,10,36.149569,-86.79689499999999,1.0,rooftop,Davidson County,37203.0,1913 Division St,420335,Closed,2020-07-19 12:32:22,2020-07-20 18:39:42,,False,False,1913 Division St,NASHVILLE,19.0,37203.0,"(36.14959169999999, -86.7968655)",1913 Division St,NASHVILLE,37203.0,TN,36.149569,-86.79689499999999,1.0,rooftop,1913,Division St,Nashville,TN,Davidson County,37203
124,Winner's,1913 Division St,Nashville,TN,Bar,6/26/20,10,36.149569,-86.79689499999999,1.0,rooftop,Davidson County,37203.0,1913 Division St,420329,Closed,2020-07-19 10:34:12,2020-07-20 18:40:37,,False,False,1913 Division St,NASHVILLE,19.0,37203.0,"(36.1496648616012, -86.79688159325408)",1913 Division St,NASHVILLE,37203.0,TN,36.149569,-86.79689499999999,1.0,rooftop,1913,Division St,Nashville,TN,Davidson County,37203
125,Winner's,1913 Division St,Nashville,TN,Bar,6/26/20,10,36.149569,-86.79689499999999,1.0,rooftop,Davidson County,37203.0,1913 Division St,420364,Closed,2020-07-19 14:48:49,2020-07-20 18:40:09,,False,False,1913 Division St,NASHVILLE,19.0,37203.0,"(36.14957140000001, -86.7968217)",1913 Division St,NASHVILLE,37203.0,TN,36.149569,-86.79689499999999,1.0,rooftop,1913,Division St,Nashville,TN,Davidson County,37203
126,Winner's,1913 Division St,Nashville,TN,Bar,6/26/20,10,36.149569,-86.79689499999999,1.0,rooftop,Davidson County,37203.0,1913 Division St,424997,Closed,2020-07-24 04:06:12,2020-07-24 17:38:57,,False,False,1913 Division St,NASHVILLE,19.0,37203.0,"(36.14957140000001, -86.7968217)",1913 Division St,NASHVILLE,37203.0,TN,36.149569,-86.79689499999999,1.0,rooftop,1913,Division St,Nashville,TN,Davidson County,37203
127,Winner's,1913 Division St,Nashville,TN,Bar,6/26/20,10,36.149569,-86.79689499999999,1.0,rooftop,Davidson County,37203.0,1913 Division St,425007,Closed,2020-07-24 05:55:46,2020-07-24 17:29:18,,False,False,1913 Division St,NASHVILLE,19.0,37203.0,"(36.14957140000001, -86.7968217)",1913 Division St,NASHVILLE,37203.0,TN,36.149569,-86.79689499999999,1.0,rooftop,1913,Division St,Nashville,TN,Davidson County,37203
128,Winner's,1913 Division St,Nashville,TN,Bar,6/26/20,10,36.149569,-86.79689499999999,1.0,rooftop,Davidson County,37203.0,1913 Division St,435536,Closed,2020-08-02 19:19:43,2020-08-03 17:16:53,,False,False,1913 Division St,NASHVILLE,19.0,37203.0,"(36.14959169999999, -86.7968655)",1913 Division St,NASHVILLE,37203.0,TN,36.149569,-86.79689499999999,1.0,rooftop,1913,Division St,Nashville,TN,Davidson County,37203
129,Winner's,1913 Division St,Nashville,TN,Bar,6/26/20,10,36.149569,-86.79689499999999,1.0,rooftop,Davidson County,37203.0,1913 Division St,435729,Closed,2020-08-03 02:31:23,2020-08-03 17:16:21,,False,False,1913 Division St,,,,"(36.14959169999999, -86.7968655)",1913 Division St,Nashville,,TN,36.149569,-86.79689499999999,1.0,rooftop,1913,Division St,Nashville,TN,Davidson County,37203
130,Winner's,1913 Division St,Nashville,TN,Bar,6/26/20,10,36.149569,-86.79689499999999,1.0,rooftop,Davidson County,37203.0,1913 Division St,435678,Closed,2020-08-03 00:02:31,2020-08-03 17:15:53,,False,False,1913 Division St,NASHVILLE,19.0,37203.0,"(36.14959169999999, -86.7968655)",1913 Division St,NASHVILLE,37203.0,TN,36.149569,-86.79689499999999,1.0,rooftop,1913,Division St,Nashville,TN,Davidson County,37203
131,Winner's,1913 Division St,Nashville,TN,Bar,6/26/20,10,36.149569,-86.79689499999999,1.0,rooftop,Davidson County,37203.0,1913 Division St,436833,Closed,2020-08-04 02:25:10,2020-08-04 16:28:52,,False,False,1913 Division St,NASHVILLE,19.0,37203.0,"(36.14959169999999, -86.7968655)",1913 Division St,NASHVILLE,37203.0,TN,36.149569,-86.79689499999999,1.0,rooftop,1913,Division St,Nashville,TN,Davidson County,37203
132,Winner's,1913 Division St,Nashville,TN,Bar,6/26/20,10,36.149569,-86.79689499999999,1.0,rooftop,Davidson County,37203.0,1913 Division St,435140,Closed,2020-08-01 18:30:22,2020-08-03 17:16:08,,False,False,1913 Division St,NASHVILLE,19.0,37203.0,"(36.14959169999999, -86.7968655)",1913 Division St,NASHVILLE,37203.0,TN,36.149569,-86.79689499999999,1.0,rooftop,1913,Division St,Nashville,TN,Davidson County,37203
133,Winner's,1913 Division St,Nashville,TN,Bar,6/26/20,10,36.149569,-86.79689499999999,1.0,rooftop,Davidson County,37203.0,1913 Division St,436630,Closed,2020-08-03 20:36:32,2020-08-04 16:29:05,,False,False,1913 Division St,NASHVILLE,19.0,37203.0,"(36.14959, -86.79687)",1913 Division St,NASHVILLE,37203.0,TN,36.149569,-86.79689499999999,1.0,rooftop,1913,Division St,Nashville,TN,Davidson County,37203
134,Winner's,1913 Division St,Nashville,TN,Bar,6/26/20,10,36.149569,-86.79689499999999,1.0,rooftop,Davidson County,37203.0,1913 Division St,479076,Closed,2020-10-11 01:31:08,2020-10-12 14:37:32,,False,False,1913 Division St,NASHVILLE,19.0,37203.0,"(36.14966486160123, -86.79688159325408)",1913 Division St,NASHVILLE,37203.0,TN,36.149569,-86.79689499999999,1.0,rooftop,1913,Division St,Nashville,TN,Davidson County,37203
135,Winner's,1913 Division St,Nashville,TN,Bar,6/26/20,10,36.149569,-86.79689499999999,1.0,rooftop,Davidson County,37203.0,1913 Division St,476849,Closed,2020-10-07 12:25:56,2020-10-08 14:38:08,,False,False,1913 Division St,NASHVILLE,19.0,37203.0,"(36.149574961601175, -86.79686075000001)",1913 Division St,NASHVILLE,37203.0,TN,36.149569,-86.79689499999999,1.0,rooftop,1913,Division St,Nashville,TN,Davidson County,37203
136,Standing Tall Music City,3981 Stewarts Ln,Nashville,TN,Congregate Living,7/1/20,50,36.202890000000004,-86.86383000000001,1.0,rooftop,Davidson County,37218.0,3981 Stewarts Ln,414446,Closed,2020-07-13 13:20:25,2020-07-14 17:39:37,,False,False,3981 Stewarts Ln,NASHVILLE,1.0,37218.0,"(36.2014712, -86.8623971)",3981 Stewarts Ln,NASHVILLE,37218.0,TN,36.202890000000004,-86.86383000000001,1.0,rooftop,3981,Stewarts Ln,Nashville,TN,Davidson County,37218
137,Metro Water Services,1700 3rd Ave N,Nashville,TN,Office,7/2/20,18,36.184901,-86.788459,1.0,rooftop,Davidson County,37208.0,1700 3rd Ave N,449878,Closed,2020-08-21 18:15:21,2020-08-24 14:37:27,,False,False,1700 3rd Ave N,NASHVILLE,19.0,37208.0,"(36.18418339999999, -86.7900954)",1700 3rd Ave N,NASHVILLE,37208.0,TN,36.184901,-86.788459,1.0,rooftop,1700,3rd Ave N,Nashville,TN,Davidson County,37208
138,Nashville Center for Rehab and Healing (2),832 Wedgewood Ave,Nashville,TN,LTCF,7/9/20,49,36.134778999999995,-86.782009,1.0,rooftop,Davidson County,37203.0,832 Wedgewood Ave,350191,Closed,2020-04-21 21:41:47,2020-04-23 15:40:11,,False,False,832 Wedgewood Ave,NASHVILLE,17.0,37203.0,"(36.13469021159486, -86.7816720932541)",832 Wedgewood Ave,NASHVILLE,37203.0,TN,36.134778999999995,-86.782009,1.0,rooftop,832,Wedgewood Ave,Nashville,TN,Davidson County,37203
139,Belmont Village of Green Hills,4206 Stammer Pl,Nashville,TN,LTCF,7/20/20,16,36.101094,-86.82137900000001,1.0,range_interpolation,Davidson County,37215.0,4206 Stammer Pl,417066,Closed,2020-07-15 16:29:20,2020-07-16 17:11:29,,False,False,4206 Stammer Pl,NASHVILLE,34.0,37215.0,"(36.10006169999999, -86.82134409999999)",4206 Stammer Pl,NASHVILLE,37215.0,TN,36.101094,-86.82137900000001,1.0,range_interpolation,4206,Stammer Pl,Nashville,TN,Davidson County,37215
140,Life Care Center Old Hickory Village,1250 Robinson Rd,Old Hickory,TN,LTCF,7/31/20,11,36.258066,-86.659312,1.0,rooftop,Davidson County,37138.0,1250 Robinson Rd,446338,Closed,2020-08-17 14:27:35,2020-08-20 14:46:01,,False,False,1250 Robinson Rd,OLD HICKORY,11.0,37138.0,"(36.25824, -86.65909)",1250 Robinson Rd,OLD HICKORY,37138.0,TN,36.258066,-86.659312,1.0,rooftop,1250,Robinson Rd,Old Hickory,TN,Davidson County,37138
141,Life Care Center Old Hickory Village,1250 Robinson Rd,Old Hickory,TN,LTCF,7/31/20,11,36.258066,-86.659312,1.0,rooftop,Davidson County,37138.0,1250 Robinson Rd,410999,Closed,2020-07-08 17:37:16,2020-07-09 17:52:01,,False,False,1250 Robinson Rd,OLD HICKORY,11.0,37138.0,"(36.25837, -86.65961)",1250 Robinson Rd,OLD HICKORY,37138.0,TN,36.258066,-86.659312,1.0,rooftop,1250,Robinson Rd,Old Hickory,TN,Davidson County,37138
142,Life Care Center Old Hickory Village,1250 Robinson Rd,Old Hickory,TN,LTCF,7/31/20,11,36.258066,-86.659312,1.0,rooftop,Davidson County,37138.0,1250 Robinson Rd,424825,Closed,2020-07-23 21:47:09,2020-07-24 17:40:11,,False,False,1250 Robinson Rd,OLD HICKORY,11.0,37138.0,"(36.25837, -86.65961)",1250 Robinson Rd,OLD HICKORY,37138.0,TN,36.258066,-86.659312,1.0,rooftop,1250,Robinson Rd,Old Hickory,TN,Davidson County,37138
143,Life Care Center Old Hickory Village,1250 Robinson Rd,Old Hickory,TN,LTCF,7/31/20,11,36.258066,-86.659312,1.0,rooftop,Davidson County,37138.0,1250 Robinson Rd,424380,Closed,2020-07-23 17:19:34,2020-07-24 17:39:59,,False,False,1250 Robinson Rd,OLD HICKORY,11.0,37138.0,"(36.2583744, -86.6596129)",1250 Robinson Rd,OLD HICKORY,37138.0,TN,36.258066,-86.659312,1.0,rooftop,1250,Robinson Rd,Old Hickory,TN,Davidson County,37138
144,Life Care Center Old Hickory Village,1250 Robinson Rd,Old Hickory,TN,LTCF,7/31/20,11,36.258066,-86.659312,1.0,rooftop,Davidson County,37138.0,1250 Robinson Rd,448865,Closed,2020-08-20 14:17:30,2020-08-21 14:10:16,,False,False,1250 Robinson Rd,OLD HICKORY,11.0,37138.0,"(36.2582438, -86.65909409999999)",1250 Robinson Rd,OLD HICKORY,37138.0,TN,36.258066,-86.659312,1.0,rooftop,1250,Robinson Rd,Old Hickory,TN,Davidson County,37138
145,Lakeshore Meadows,8044 Coley Davis Rd,Nashville,TN,LTCF,8/4/20,33,36.074168,-86.969553,1.0,range_interpolation,Davidson County,37221.0,8044 Coley Davis Rd,453742,Closed,2020-08-27 20:11:52,2020-08-28 13:55:57,,False,False,8044 Coley Davis Rd,NASHVILLE,22.0,37221.0,"(36.07271, -86.97142)",8044 Coley Davis Rd,NASHVILLE,37221.0,TN,36.074168,-86.969553,1.0,range_interpolation,8044,Coley Davis Rd,Nashville,TN,Davidson County,37221
146,Lois DeBerry Special Needs Facility,7575 Cockrill Bend Blvd,Nashville,TN,Correctional Facility,9/1/20,62,36.184802000000005,-86.899203,1.0,rooftop,Davidson County,37209.0,7575 Cockrill Bend Blvd,449890,Closed,2020-08-21 18:26:42,2020-08-24 14:37:40,,False,False,7575 Cockrill Bend Blvd,NASHVILLE,20.0,37209.0,"(36.18985, -86.89807)",7575 Cockrill Bend Blvd,NASHVILLE,37209.0,TN,36.184802000000005,-86.899203,1.0,rooftop,7575,Cockrill Bend Blvd,Nashville,TN,Davidson County,37209
147,Riverbend Max Security Prison-2,7475 Cockrill Bend Blvd,Nashville,TN,Correctional Facility,9/1/20,60,36.184802000000005,-86.899203,1.0,rooftop,Davidson County,37209.0,7475 Cockrill Bend Blvd,370970,Closed,2020-05-18 18:36:49,2020-05-19 17:24:59,,False,False,7475 Cockrill Bend Blvd,NASHVILLE,20.0,37209.0,"(36.18615, -86.90212)",7475 Cockrill Bend Blvd,NASHVILLE,37209.0,TN,36.184802000000005,-86.899203,1.0,rooftop,7475,Cockrill Bend Blvd,Nashville,TN,Davidson County,37209
148,Debra Johnson Rehab/TN Prison for Women,3881 Stewarts Ln,Nashville,TN,Correctional Facility,9/1/20,216,36.1994,-86.866871,1.0,rooftop,Davidson County,37218.0,3881 Stewarts Ln,456979,Closed,2020-09-02 17:17:09,2020-09-03 13:30:27,,False,False,3881 Stewarts Ln,NASHVILLE,1.0,37218.0,"(36.19252, -86.86182)",3881 Stewarts Ln,NASHVILLE,37218.0,TN,36.1994,-86.866871,1.0,rooftop,3881,Stewarts Ln,Nashville,TN,Davidson County,37218
149,Debra Johnson Rehab/TN Prison for Women,3881 Stewarts Ln,Nashville,TN,Correctional Facility,9/1/20,216,36.1994,-86.866871,1.0,rooftop,Davidson County,37218.0,3881 Stewarts Ln,448400,Closed,2020-08-19 18:42:59,2020-08-20 14:24:52,,False,False,3881 Stewarts Ln,NASHVILLE,1.0,37218.0,"(36.19271406161954, -86.86153280000002)",3881 Stewarts Ln,NASHVILLE,37218.0,TN,36.1994,-86.866871,1.0,rooftop,3881,Stewarts Ln,Nashville,TN,Davidson County,37218
150,Debra Johnson Rehab/TN Prison for Women,3881 Stewarts Ln,Nashville,TN,Correctional Facility,9/1/20,216,36.1994,-86.866871,1.0,rooftop,Davidson County,37218.0,3881 Stewarts Ln,448368,Closed,2020-08-19 18:07:43,2020-08-20 13:54:26,,False,False,3881 Stewarts Ln,NASHVILLE,1.0,37218.0,"(36.19271406161954, -86.86153280000002)",3881 Stewarts Ln,NASHVILLE,37218.0,TN,36.1994,-86.866871,1.0,rooftop,3881,Stewarts Ln,Nashville,TN,Davidson County,37218
151,Green Hills Center for Rehab and Healing,3939 Hillsboro Cir,Nashville,TN,LTCF,9/7/20,45,36.104906,-86.81955,1.0,range_interpolation,Davidson County,37215.0,3939 Hillsboro Cir,455236,Closed,2020-08-31 14:18:38,2020-09-01 14:32:29,,False,False,3939 Hillsboro Cir,NASHVILLE,34.0,37215.0,"(36.104907, -86.820269)",3939 Hillsboro Cir,NASHVILLE,37215.0,TN,36.104906,-86.81955,1.0,range_interpolation,3939,Hillsboro Cir,Nashville,TN,Davidson County,37215
152,Tennessee Titans,460 Great Circle Rd,Nashville,TN,Other,9/12/20,23,36.198931,-86.804351,1.0,rooftop,Davidson County,37228.0,460 Great Circle Rd,338414,Closed,2020-04-03 14:45:47,2020-04-06 18:51:03,,False,False,460 Great Circle Rd,NASHVILLE,2.0,37228.0,"(36.199865876421505, -86.80569439520474)",460 Great Circle Rd,NASHVILLE,37228.0,TN,36.198931,-86.804351,1.0,rooftop,460,Great Circle Rd,Nashville,TN,Davidson County,37228
153,One Stone Church Service,1101 Stainback Ave,Nashville,TN,Church,9/22/20,10,36.189795000000004,-86.76518,1.0,range_interpolation,Davidson County,37207.0,1101 Stainback Ave,387237,Closed,2020-06-09 04:07:10,2020-06-10 14:45:43,,False,False,1101 Stainback Ave,NASHVILLE,5.0,37207.0,"(36.189957511618346, -86.76513310674589)",1101 Stainback Ave,NASHVILLE,37207.0,TN,36.189795000000004,-86.76518,1.0,range_interpolation,1101,Stainback Ave,Nashville,TN,Davidson County,37207
154,One Stone Church Service,1101 Stainback Ave,Nashville,TN,Church,9/22/20,10,36.189795000000004,-86.76518,1.0,range_interpolation,Davidson County,37207.0,1101 Stainback Ave,379234,Closed,2020-05-29 03:26:03,2020-05-29 16:05:40,,False,False,1101 Stainback Ave,NASHVILLE,5.0,37207.0,"(36.190111793395545, -86.76489041862521)",1101 Stainback Ave,NASHVILLE,37207.0,TN,36.189795000000004,-86.76518,1.0,range_interpolation,1101,Stainback Ave,Nashville,TN,Davidson County,37207
155,Miss Kelli's,207 Printers Alley,Nashville,TN,Bar,10/1/20,14,36.163931,-86.778513,1.0,range_interpolation,Davidson County,37201.0,207 Printers Alley,425971,Closed,2020-07-24 19:47:49,2020-07-27 19:44:25,,False,False,207 Printers Alley,NASHVILLE,19.0,37201.0,"(36.1643694, -86.778515)",207 Printers Alley,NASHVILLE,37201.0,TN,36.163931,-86.778513,1.0,range_interpolation,207,Printers Aly,Nashville,TN,Davidson County,37201
156,Miss Kelli's,207 Printers Alley,Nashville,TN,Bar,10/1/20,14,36.163931,-86.778513,1.0,range_interpolation,Davidson County,37201.0,207 Printers Alley,391515,Closed,2020-06-13 04:43:17,2020-06-15 15:32:01,,False,False,207 Printers Alley,NASHVILLE,19.0,37201.0,"(36.164369, -86.778515)",207 Printers Alley,NASHVILLE,37201.0,TN,36.163931,-86.778513,1.0,range_interpolation,207,Printers Aly,Nashville,TN,Davidson County,37201
157,Miss Kelli's,207 Printers Alley,Nashville,TN,Bar,10/1/20,14,36.163931,-86.778513,1.0,range_interpolation,Davidson County,37201.0,207 Printers Alley,419752,Closed,2020-07-17 20:55:36,2020-07-20 16:56:40,,False,False,207 Printers Alley,NASHVILLE,19.0,37201.0,"(36.16437, -86.77852)",207 Printers Alley,NASHVILLE,37201.0,TN,36.163931,-86.778513,1.0,range_interpolation,207,Printers Aly,Nashville,TN,Davidson County,37201
158,Miss Kelli's,207 Printers Alley,Nashville,TN,Bar,10/1/20,14,36.163931,-86.778513,1.0,range_interpolation,Davidson County,37201.0,207 Printers Alley,471299,Closed,2020-09-26 18:30:59,2020-09-28 16:30:16,,False,False,207 Printers Alley,NASHVILLE,19.0,37201.0,"(36.164369, -86.778515)",207 Printers Alley,NASHVILLE,37201.0,TN,36.163931,-86.778513,1.0,range_interpolation,207,Printers Aly,Nashville,TN,Davidson County,37201
159,Miss Kelli's,207 Printers Alley,Nashville,TN,Bar,10/1/20,14,36.163931,-86.778513,1.0,range_interpolation,Davidson County,37201.0,207 Printers Alley,482950,Closed,2020-10-18 04:24:54,2020-10-19 16:03:15,,False,False,207 Printers Alley,NASHVILLE,19.0,37201.0,"(36.164369, -86.778515)",207 Printers Alley,NASHVILLE,37201.0,TN,36.163931,-86.778513,1.0,range_interpolation,207,Printers Aly,Nashville,TN,Davidson County,37201
160,Miss Kelli's,207 Printers Alley,Nashville,TN,Bar,10/1/20,14,36.163931,-86.778513,1.0,range_interpolation,Davidson County,37201.0,207 Printers Alley,487902,Closed,2020-10-25 04:22:34,2020-10-26 14:37:35,,False,False,207 Printers Alley,NASHVILLE,19.0,37201.0,"(36.164369, -86.778515)",207 Printers Alley,NASHVILLE,37201.0,TN,36.163931,-86.778513,1.0,range_interpolation,207,Printers Aly,Nashville,TN,Davidson County,37201
161,Nashville Rescue Mission - Women's Campus,1716 Rosa L Parks Blvd,Nashville,TN,Congregate Living,10/1/20,70,36.181699,-86.796756,1.0,rooftop,Davidson County,37208.0,1716 ROSA L PARKS BLVD,336739,Closed,2020-04-01 17:39:36,2020-04-10 16:59:56,,False,False,1716 ROSA L PARKS BLVD,NASHVILLE,19.0,37208.0,"(36.18169884457409, -86.7967557335612)",1716 ROSA L PARKS BLVD,NASHVILLE,37208.0,TN,36.181699,-86.796756,1.0,rooftop,1716,Rosa L Parks Blvd,Nashville,TN,Davidson County,37208
162,Link Systems Electric,444 McNally Dr,Nashville,TN,Other,10/16/20,12,36.092556,-86.740288,0.9,range_interpolation,Davidson County,37211.0,444 McNally Dr,479073,Closed,2020-10-11 00:52:25,2020-10-12 14:12:04,,False,False,444 McNally Dr,NASHVILLE,26.0,37211.0,"(36.09275076157706, -86.74174550000001)",444 McNally Dr,NASHVILLE,37211.0,TN,36.092556,-86.740288,0.9,range_interpolation,444,Mc Nally Dr,Nashville,TN,Davidson County,37211
163,Link Systems Electric,444 McNally Dr,Nashville,TN,Other,10/16/20,12,36.092556,-86.740288,0.9,range_interpolation,Davidson County,37211.0,444 McNally Dr,483497,Closed,2020-10-19 15:58:47,2020-10-20 13:57:26,,False,False,444 McNally Dr,NASHVILLE,26.0,37211.0,"(36.0930056, -86.741716)",444 McNally Dr,NASHVILLE,37211.0,TN,36.092556,-86.740288,0.9,range_interpolation,444,Mc Nally Dr,Nashville,TN,Davidson County,37211
164,Link Systems Electric,444 McNally Dr,Nashville,TN,Other,10/16/20,12,36.092556,-86.740288,0.9,range_interpolation,Davidson County,37211.0,444 McNally Dr,478085,Closed,2020-10-08 19:38:26,2020-10-09 13:29:02,,False,False,444 McNally Dr,NASHVILLE,26.0,37211.0,"(36.0930056, -86.741716)",444 McNally Dr,NASHVILLE,37211.0,TN,36.092556,-86.740288,0.9,range_interpolation,444,Mc Nally Dr,Nashville,TN,Davidson County,37211
165,Link Systems Electric,444 McNally Dr,Nashville,TN,Other,10/16/20,12,36.092556,-86.740288,0.9,range_interpolation,Davidson County,37211.0,444 McNally Dr,481365,Closed,2020-10-15 13:47:48,2020-10-16 13:27:18,,False,False,444 McNally Dr,NASHVILLE,26.0,37211.0,"(36.0930056, -86.741716)",444 McNally Dr,NASHVILLE,37211.0,TN,36.092556,-86.740288,0.9,range_interpolation,444,Mc Nally Dr,Nashville,TN,Davidson County,37211
166,Iron Tribe Belmont,3201 Belmont Blvd,Nashville,TN,Gym,10/20/20,14,36.116960999999996,-86.798286,1.0,rooftop,Davidson County,37212.0,Belmont Blvd,339139,Closed,2020-04-03 21:25:00,2020-04-07 19:28:06,,False,False,Belmont Blvd,NASHVILLE,18.0,37212.0,"(36.11748019999999, -86.797266)",Belmont Blvd,NASHVILLE,37212.0,TN,36.119203000000006,-86.795683,1.0,street_center,,Belmont Blvd,Nashville,TN,Davidson County,37212
167,Iron Tribe Belmont,3201 Belmont Blvd,Nashville,TN,Gym,10/20/20,14,36.116960999999996,-86.798286,1.0,rooftop,Davidson County,37212.0,Belmont Blvd,360058,Closed,2020-05-05 23:48:25,2020-05-07 15:12:02,,False,False,Belmont Blvd,NASHVILLE,18.0,37212.0,"(36.12305029999999, -86.7943525)",Belmont Blvd,NASHVILLE,37212.0,TN,36.119203000000006,-86.795683,1.0,street_center,,Belmont Blvd,Nashville,TN,Davidson County,37212
